timestamp,zone,count
2026-05-31 16:00:00,PDD-A,21
2026-05-31 16:00:00,PDD-B,35
2026-05-31 16:00:00,PDD-C,7
2026-05-31 16:00:00,PDD-D,34
2026-05-31 17:00:00,PDD-A,29
2026-05-31 17:00:00,PDD-B,39
2026-05-31 17:00:00,PDD-C,31
2026-05-31 17:00:00,PDD-D,21
2026-05-31 18:00:00,PDD-A,22
2026-05-31 18:00:00,PDD-B,9
2026-05-31 18:00:00,PDD-C,12
2026-05-31 18:00:00,PDD-D,39
2026-05-31 19:00:00,PDD_A,27
2026-05-31 19:00:00,PDD-B,11
2026-05-31 19:00:00,PDD-C,26
2026-05-31 19:00:00,PDD-D,21
2026-05-31 20:00:00,PDD-A,15
2026-05-31 20:00:00,PDD-B,16
2026-05-31 20:00:00,PDD-C,25
2026-05-31 20:00:00,PDD-D,26
2026-05-31 21:00:00,PDD-A,34
2026-05-31 21:00:00,PDD-B,11
2026-05-31 21:00:00,PDD-C,37
2026-05-31 21:00:00,PDD-D,7
2026-05-31 22:00:00,PDD-A,38
2026-05-31 22:00:00,PDD-B,26
2026-05-31 22:00:00,PDD-C,37
2026-05-31 22:00:00,PDD-D,24
2026-05-31 23:00:00,PDD-A,16
2026-05-31 23:00:00,PDD-B,6
2026-05-31 23:00:00,PDD-C,13
2026-05-31 23:00:00,PDD-D,15
2026-06-01 00:00:00,PDD-A,35
2026-06-01 00:00:00,PDD-B,16
2026-06-01 00:00:00,PDD-C,36
2026-06-01 00:00:00,PDD-D,28
2026-06-01 01:00:00,PDD_A,201
2026-06-01 01:00:00,PDD-B,296
2026-06-01 01:00:00,PDD-C,206
2026-06-01 01:00:00,PDD-D,499
2026-06-01 02:00:00,PDD-A,195
2026-06-01 02:00:00,PDD-B,181
2026-06-01 02:00:00,PDD-C,256
2026-06-01 02:00:00,PDD-D,373
2026-06-01 03:00:00,PDD-A,154
2026-06-01 03:00:00,PDD-B,316
2026-06-01 03:00:00,PDD-C,239
2026-06-01 03:00:00,PDD-D,340
2026-06-01 04:00:00,PDD-A,333
2026-06-01 04:00:00,PDD-B,307
2026-06-01 04:00:00,PDD-C,418
2026-06-01 04:00:00,PDD-D,333
2026-06-01 05:00:00,PDD-A,358
2026-06-01 05:00:00,PDD-B,176
2026-06-01 05:00:00,PDD-C,412
2026-06-01 05:00:00,PDD-D,479
2026-06-01 06:00:00,PDD-A,260
2026-06-01 06:00:00,PDD-B,300
2026-06-01 06:00:00,PDD-C,216
2026-06-01 06:00:00,PDD-D,400
2026-06-01 07:00:00,PDD-A,289
2026-06-01 07:00:00,PDD-B,345
2026-06-01 07:00:00,PDD-C,266
2026-06-01 07:00:00,PDD-D,457
2026-06-01 08:00:00,PDD-A,315
2026-06-01 08:00:00,PDD-B,238
2026-06-01 08:00:00,PDD-C,252
2026-06-01 08:00:00,PDD-D,411
2026-06-01 09:00:00,PDD-A,378
2026-06-01 09:00:00,PDD-B,338
2026-06-01 09:00:00,PDD-C,268
2026-06-01 09:00:00,PDD-D,501
2026-06-01 10:00:00,PDD-A,201
2026-06-01 10:00:00,PDD-B,409
2026-06-01 10:00:00,PDD-C,167
2026-06-01 10:00:00,PDD-D,422
2026-06-01 11:00:00,PDD-A,218
2026-06-01 11:00:00,PDD-B,129
2026-06-01 11:00:00,PDD-C,286
2026-06-01 11:00:00,PDD-D,493
2026-06-01 12:00:00,PDD-A,121
2026-06-01 12:00:00,PDD-B,398
2026-06-01 12:00:00,PDD-C,152
2026-06-01 12:00:00,PDD-D,500
2026-06-01 13:00:00,PDD_A,126
2026-06-01 13:00:00,PDD-B,366
2026-06-01 13:00:00,PDD-C,361
2026-06-01 13:00:00,PDD-D,360
2026-06-01 14:00:00,PDD-A,12
2026-06-01 14:00:00,PDD-B,38
2026-06-01 14:00:00,PDD-C,15
2026-06-01 14:00:00,PDD-D,31
2026-06-01 15:00:00,PDD-A,18
2026-06-01 15:00:00,PDD-B,21
2026-06-01 15:00:00,PDD-C,9
2026-06-01 15:00:00,PDD-D,39
2026-06-01 16:00:00,PDD-A,36
2026-06-01 16:00:00,PDD-B,8
2026-06-01 16:00:00,PDD-C,18
2026-06-01 16:00:00,PDD-D,16
2026-06-01 17:00:00,PDD-A,16
2026-06-01 17:00:00,PDD-B,37
2026-06-01 17:00:00,PDD-C,10
2026-06-01 17:00:00,PDD-D,17
2026-06-01 18:00:00,PDD-A,19
2026-06-01 18:00:00,PDD-B,14
2026-06-01 18:00:00,PDD-C,15
2026-06-01 18:00:00,PDD-D,35
2026-06-01 19:00:00,PDD-A,21
2026-06-01 19:00:00,PDD-B,28
2026-06-01 19:00:00,PDD-C,21
2026-06-01 19:00:00,PDD-D,27
2026-06-01 20:00:00,PDD-A,23
2026-06-01 20:00:00,PDD-B,35
2026-06-01 20:00:00,PDD-C,15
2026-06-01 20:00:00,PDD-D,33
2026-06-01 21:00:00,PDD-A,38
2026-06-01 21:00:00,PDD-B,16
2026-06-01 21:00:00,PDD-C,23
2026-06-01 21:00:00,PDD-D,23
2026-06-01 22:00:00,PDD-A,33
2026-06-01 22:00:00,PDD-B,34
2026-06-01 22:00:00,PDD-C,9
2026-06-01 22:00:00,PDD-D,34
2026-06-01 23:00:00,PDD_A,24
2026-06-01 23:00:00,PDD-B,30
2026-06-01 23:00:00,PDD-C,40
2026-06-01 23:00:00,PDD-D,29
2026-06-02 00:00:00,PDD-A,33
2026-06-02 00:00:00,PDD-B,21
2026-06-02 00:00:00,PDD-C,13
2026-06-02 00:00:00,PDD-D,5
2026-06-02 01:00:00,PDD_A,312
2026-06-02 01:00:00,PDD-B,361
2026-06-02 01:00:00,PDD-C,339
2026-06-02 01:00:00,PDD-D,342
2026-06-02 02:00:00,PDD-A,217
2026-06-02 02:00:00,PDD-B,163
2026-06-02 02:00:00,PDD-C,407
2026-06-02 02:00:00,PDD-D,381
2026-06-02 03:00:00,PDD-A,224
2026-06-02 03:00:00,PDD-B,398
2026-06-02 03:00:00,PDD-C,372
2026-06-02 03:00:00,PDD-D,520
2026-06-02 04:00:00,PDD-A,372
2026-06-02 04:00:00,PDD-B,155
2026-06-02 04:00:00,PDD-C,210
2026-06-02 04:00:00,PDD-D,319
2026-06-02 05:00:00,PDD-A,210
2026-06-02 05:00:00,PDD-B,202
2026-06-02 05:00:00,PDD-C,327
2026-06-02 05:00:00,PDD-D,380
2026-06-02 06:00:00,PDD_A,404
2026-06-02 06:00:00,PDD-B,342
2026-06-02 06:00:00,PDD-C,364
2026-06-02 06:00:00,PDD-D,308
2026-06-02 07:00:00,PDD-A,208
2026-06-02 07:00:00,PDD-B,319
2026-06-02 07:00:00,PDD-C,207
2026-06-02 07:00:00,PDD-D,481
2026-06-02 08:00:00,PDD-A,286
2026-06-02 08:00:00,PDD-B,172
2026-06-02 08:00:00,PDD-C,222
2026-06-02 08:00:00,PDD-D,381
2026-06-02 09:00:00,PDD_A,334
2026-06-02 09:00:00,PDD-B,379
2026-06-02 09:00:00,PDD-C,267
2026-06-02 09:00:00,PDD-D,358
2026-06-02 10:00:00,PDD-A,369
2026-06-02 10:00:00,PDD-B,397
2026-06-02 10:00:00,PDD-C,214
2026-06-02 10:00:00,PDD-D,365
2026-06-02 11:00:00,PDD-A,134
2026-06-02 11:00:00,PDD-B,170
2026-06-02 11:00:00,PDD-C,205
2026-06-02 11:00:00,PDD-D,478
2026-06-02 12:00:00,PDD_A,187
2026-06-02 12:00:00,PDD-B,255
2026-06-02 12:00:00,PDD-C,245
2026-06-02 12:00:00,PDD-D,311
2026-06-02 13:00:00,PDD-A,408
2026-06-02 13:00:00,PDD-B,396
2026-06-02 13:00:00,PDD-C,200
2026-06-02 13:00:00,PDD-D,495
2026-06-02 14:00:00,PDD-A,12
2026-06-02 14:00:00,PDD-B,35
2026-06-02 14:00:00,PDD-C,30
2026-06-02 14:00:00,PDD-D,31
2026-06-02 15:00:00,PDD-A,32
2026-06-02 15:00:00,PDD-B,34
2026-06-02 15:00:00,PDD-C,37
2026-06-02 15:00:00,PDD-D,18
2026-06-02 16:00:00,PDD-A,6
2026-06-02 16:00:00,PDD-B,11
2026-06-02 16:00:00,PDD-C,36
2026-06-02 16:00:00,PDD-D,15
2026-06-02 17:00:00,PDD_A,22
2026-06-02 17:00:00,PDD-B,18
2026-06-02 17:00:00,PDD-C,35
2026-06-02 17:00:00,PDD-D,27
2026-06-02 18:00:00,PDD-A,10
2026-06-02 18:00:00,PDD-B,31
2026-06-02 18:00:00,PDD-C,39
2026-06-02 18:00:00,PDD-D,21
2026-06-02 19:00:00,PDD_A,38
2026-06-02 19:00:00,PDD-B,11
2026-06-02 19:00:00,PDD-C,29
2026-06-02 19:00:00,PDD-D,36
2026-06-02 20:00:00,PDD-A,11
2026-06-02 20:00:00,PDD-B,25
2026-06-02 20:00:00,PDD-C,9
2026-06-02 20:00:00,PDD-D,14
2026-06-02 21:00:00,PDD-A,5
2026-06-02 21:00:00,PDD-B,22
2026-06-02 21:00:00,PDD-C,32
2026-06-02 21:00:00,PDD-D,27
2026-06-02 22:00:00,PDD-A,20
2026-06-02 22:00:00,PDD-B,26
2026-06-02 22:00:00,PDD-C,10
2026-06-02 22:00:00,PDD-D,21
2026-06-02 23:00:00,PDD-A,7
2026-06-02 23:00:00,PDD-B,30
2026-06-02 23:00:00,PDD-C,39
2026-06-02 23:00:00,PDD-D,23
2026-06-03 00:00:00,PDD-A,27
2026-06-03 00:00:00,PDD-B,18
2026-06-03 00:00:00,PDD-C,21
2026-06-03 00:00:00,PDD-D,8
2026-06-03 01:00:00,PDD_A,170
2026-06-03 01:00:00,PDD-B,356
2026-06-03 01:00:00,PDD-C,306
2026-06-03 01:00:00,PDD-D,440
2026-06-03 02:00:00,PDD-A,351
2026-06-03 02:00:00,PDD-B,362
2026-06-03 02:00:00,PDD-C,204
2026-06-03 02:00:00,PDD-D,386
2026-06-03 03:00:00,PDD-A,361
2026-06-03 03:00:00,PDD-B,284
2026-06-03 03:00:00,PDD-C,144
2026-06-03 03:00:00,PDD-D,344
2026-06-03 04:00:00,PDD-A,292
2026-06-03 04:00:00,PDD-B,180
2026-06-03 04:00:00,PDD-C,200
2026-06-03 04:00:00,PDD-D,421
2026-06-03 05:00:00,PDD-A,206
2026-06-03 05:00:00,PDD-B,266
2026-06-03 05:00:00,PDD-C,411
2026-06-03 05:00:00,PDD-D,380
2026-06-03 06:00:00,PDD-A,126
2026-06-03 06:00:00,PDD-B,126
2026-06-03 06:00:00,PDD-C,351
2026-06-03 06:00:00,PDD-D,381
2026-06-03 07:00:00,PDD_A,399
2026-06-03 07:00:00,PDD-B,248
2026-06-03 07:00:00,PDD-C,339
2026-06-03 07:00:00,PDD-D,412
2026-06-03 08:00:00,PDD-A,196
2026-06-03 08:00:00,PDD-B,312
2026-06-03 08:00:00,PDD-C,346
2026-06-03 08:00:00,PDD-D,433
2026-06-03 09:00:00,PDD-A,217
2026-06-03 09:00:00,PDD-B,347
2026-06-03 09:00:00,PDD-C,283
2026-06-03 09:00:00,PDD-D,404
2026-06-03 10:00:00,PDD-A,223
2026-06-03 10:00:00,PDD-B,325
2026-06-03 10:00:00,PDD-C,338
2026-06-03 10:00:00,PDD-D,403
2026-06-03 11:00:00,PDD-A,367
2026-06-03 11:00:00,PDD-B,273
2026-06-03 11:00:00,PDD-C,126
2026-06-03 11:00:00,PDD-D,514
2026-06-03 12:00:00,PDD-A,139
2026-06-03 12:00:00,PDD-B,358
2026-06-03 12:00:00,PDD-C,189
2026-06-03 12:00:00,PDD-D,458
2026-06-03 13:00:00,PDD-A,177
2026-06-03 13:00:00,PDD-B,260
2026-06-03 13:00:00,PDD-C,392
2026-06-03 13:00:00,PDD-D,355
2026-06-03 14:00:00,PDD_A,30
2026-06-03 14:00:00,PDD-B,27
2026-06-03 14:00:00,PDD-C,24
2026-06-03 14:00:00,PDD-D,21
2026-06-03 15:00:00,PDD-A,6
2026-06-03 15:00:00,PDD-B,16
2026-06-03 15:00:00,PDD-C,10
2026-06-03 15:00:00,PDD-D,28
2026-06-03 16:00:00,PDD-A,29
2026-06-03 16:00:00,PDD-B,25
2026-06-03 16:00:00,PDD-C,38
2026-06-03 16:00:00,PDD-D,22
2026-06-03 17:00:00,PDD-A,40
2026-06-03 17:00:00,PDD-B,22
2026-06-03 17:00:00,PDD-C,16
2026-06-03 17:00:00,PDD-D,13
2026-06-03 18:00:00,PDD-A,39
2026-06-03 18:00:00,PDD-B,25
2026-06-03 18:00:00,PDD-C,30
2026-06-03 18:00:00,PDD-D,7
2026-06-03 19:00:00,PDD_A,13
2026-06-03 19:00:00,PDD-B,19
2026-06-03 19:00:00,PDD-C,27
2026-06-03 19:00:00,PDD-D,9
2026-06-03 20:00:00,PDD-A,10
2026-06-03 20:00:00,PDD-B,24
2026-06-03 20:00:00,PDD-C,37
2026-06-03 20:00:00,PDD-D,30
2026-06-03 21:00:00,PDD-A,17
2026-06-03 21:00:00,PDD-B,20
2026-06-03 21:00:00,PDD-C,39
2026-06-03 21:00:00,PDD-D,7
2026-06-03 22:00:00,PDD-A,27
2026-06-03 22:00:00,PDD-B,30
2026-06-03 22:00:00,PDD-C,7
2026-06-03 22:00:00,PDD-D,35
2026-06-03 23:00:00,PDD-A,5
2026-06-03 23:00:00,PDD-B,21
2026-06-03 23:00:00,PDD-C,19
2026-06-03 23:00:00,PDD-D,26
2026-06-04 00:00:00,PDD-A,11
2026-06-04 00:00:00,PDD-B,17
2026-06-04 00:00:00,PDD-C,10
2026-06-04 00:00:00,PDD-D,33
2026-06-04 01:00:00,PDD-A,202
2026-06-04 01:00:00,PDD-B,153
2026-06-04 01:00:00,PDD-C,137
2026-06-04 01:00:00,PDD-D,472
2026-06-04 02:00:00,PDD-A,254
2026-06-04 02:00:00,PDD-B,222
2026-06-04 02:00:00,PDD-C,159
2026-06-04 02:00:00,PDD-D,414
2026-06-04 03:00:00,PDD_A,323
2026-06-04 03:00:00,PDD-B,211
2026-06-04 03:00:00,PDD-C,335
2026-06-04 03:00:00,PDD-D,312
2026-06-04 04:00:00,PDD-A,390
2026-06-04 04:00:00,PDD-B,369
2026-06-04 04:00:00,PDD-C,304
2026-06-04 04:00:00,PDD-D,429
2026-06-04 05:00:00,PDD-A,283
2026-06-04 05:00:00,PDD-B,362
2026-06-04 05:00:00,PDD-C,364
2026-06-04 05:00:00,PDD-D,430
2026-06-04 06:00:00,PDD-A,161
2026-06-04 06:00:00,PDD-B,334
2026-06-04 06:00:00,PDD-C,383
2026-06-04 06:00:00,PDD-D,459
2026-06-04 07:00:00,PDD-A,327
2026-06-04 07:00:00,PDD-B,173
2026-06-04 07:00:00,PDD-C,414
2026-06-04 07:00:00,PDD-D,492
2026-06-04 08:00:00,PDD-A,379
2026-06-04 08:00:00,PDD-B,266
2026-06-04 08:00:00,PDD-C,275
2026-06-04 08:00:00,PDD-D,349
2026-06-04 09:00:00,PDD_A,212
2026-06-04 09:00:00,PDD-B,351
2026-06-04 09:00:00,PDD-C,380
2026-06-04 09:00:00,PDD-D,375
2026-06-04 10:00:00,PDD-A,282
2026-06-04 10:00:00,PDD-B,364
2026-06-04 10:00:00,PDD-C,356
2026-06-04 10:00:00,PDD-D,401
2026-06-04 11:00:00,PDD-A,140
2026-06-04 11:00:00,PDD-B,295
2026-06-04 11:00:00,PDD-C,293
2026-06-04 11:00:00,PDD-D,484
2026-06-04 12:00:00,PDD-A,379
2026-06-04 12:00:00,PDD-B,279
2026-06-04 12:00:00,PDD-C,396
2026-06-04 12:00:00,PDD-D,520
2026-06-04 13:00:00,PDD-A,332
2026-06-04 13:00:00,PDD-B,238
2026-06-04 13:00:00,PDD-C,205
2026-06-04 13:00:00,PDD-D,480
2026-06-04 14:00:00,PDD-A,28
2026-06-04 14:00:00,PDD-B,9
2026-06-04 14:00:00,PDD-C,25
2026-06-04 14:00:00,PDD-D,32
2026-06-04 15:00:00,PDD-A,28
2026-06-04 15:00:00,PDD-B,34
2026-06-04 15:00:00,PDD-C,8
2026-06-04 15:00:00,PDD-D,10
2026-06-04 16:00:00,PDD-A,27
2026-06-04 16:00:00,PDD-B,29
2026-06-04 16:00:00,PDD-C,15
2026-06-04 16:00:00,PDD-D,29
2026-06-04 17:00:00,PDD-A,30
2026-06-04 17:00:00,PDD-B,39
2026-06-04 17:00:00,PDD-C,10
2026-06-04 17:00:00,PDD-D,39
2026-06-04 18:00:00,PDD-A,8
2026-06-04 18:00:00,PDD-B,13
2026-06-04 18:00:00,PDD-C,33
2026-06-04 18:00:00,PDD-D,14
2026-06-04 19:00:00,PDD_A,6
2026-06-04 19:00:00,PDD-B,25
2026-06-04 19:00:00,PDD-C,21
2026-06-04 19:00:00,PDD-D,30
2026-06-04 20:00:00,PDD-A,20
2026-06-04 20:00:00,PDD-B,32
2026-06-04 20:00:00,PDD-C,22
2026-06-04 20:00:00,PDD-D,31
2026-06-04 21:00:00,PDD-A,7
2026-06-04 21:00:00,PDD-B,30
2026-06-04 21:00:00,PDD-C,24
2026-06-04 21:00:00,PDD-D,17
2026-06-04 22:00:00,PDD-A,15
2026-06-04 22:00:00,PDD-B,26
2026-06-04 22:00:00,PDD-C,26
2026-06-04 22:00:00,PDD-D,39
2026-06-04 23:00:00,PDD-A,18
2026-06-04 23:00:00,PDD-B,17
2026-06-04 23:00:00,PDD-C,19
2026-06-04 23:00:00,PDD-D,19
2026-06-05 00:00:00,PDD-A,10
2026-06-05 00:00:00,PDD-B,20
2026-06-05 00:00:00,PDD-C,14
2026-06-05 00:00:00,PDD-D,27
2026-06-05 01:00:00,PDD-A,266
2026-06-05 01:00:00,PDD-B,415
2026-06-05 01:00:00,PDD-C,204
2026-06-05 01:00:00,PDD-D,505
2026-06-05 02:00:00,PDD-A,209
2026-06-05 02:00:00,PDD-B,321
2026-06-05 02:00:00,PDD-C,339
2026-06-05 02:00:00,PDD-D,382
2026-06-05 03:00:00,PDD-A,226
2026-06-05 03:00:00,PDD-B,349
2026-06-05 03:00:00,PDD-C,164
2026-06-05 03:00:00,PDD-D,445
2026-06-05 04:00:00,PDD_A,130
2026-06-05 04:00:00,PDD-B,394
2026-06-05 04:00:00,PDD-C,162
2026-06-05 04:00:00,PDD-D,310
2026-06-05 05:00:00,PDD-A,130
2026-06-05 05:00:00,PDD-B,205
2026-06-05 05:00:00,PDD-C,334
2026-06-05 05:00:00,PDD-D,404
2026-06-05 06:00:00,PDD-A,166
2026-06-05 06:00:00,PDD-B,126
2026-06-05 06:00:00,PDD-C,380
2026-06-05 06:00:00,PDD-D,511
2026-06-05 07:00:00,PDD-A,327
2026-06-05 07:00:00,PDD-B,277
2026-06-05 07:00:00,PDD-C,417
2026-06-05 07:00:00,PDD-D,400
2026-06-05 08:00:00,PDD-A,193
2026-06-05 08:00:00,PDD-B,368
2026-06-05 08:00:00,PDD-C,331
2026-06-05 08:00:00,PDD-D,300
2026-06-05 09:00:00,PDD-A,195
2026-06-05 09:00:00,PDD-B,271
2026-06-05 09:00:00,PDD-C,202
2026-06-05 09:00:00,PDD-D,315
2026-06-05 10:00:00,PDD-A,163
2026-06-05 10:00:00,PDD-B,413
2026-06-05 10:00:00,PDD-C,179
2026-06-05 10:00:00,PDD-D,351
2026-06-05 11:00:00,PDD-A,308
2026-06-05 11:00:00,PDD-B,287
2026-06-05 11:00:00,PDD-C,419
2026-06-05 11:00:00,PDD-D,423
2026-06-05 12:00:00,PDD-A,157
2026-06-05 12:00:00,PDD-B,357
2026-06-05 12:00:00,PDD-C,322
2026-06-05 12:00:00,PDD-D,329
2026-06-05 13:00:00,PDD-A,312
2026-06-05 13:00:00,PDD-B,189
2026-06-05 13:00:00,PDD-C,217
2026-06-05 13:00:00,PDD-D,435
2026-06-05 14:00:00,PDD_A,6
2026-06-05 14:00:00,PDD-B,8
2026-06-05 14:00:00,PDD-C,35
2026-06-05 14:00:00,PDD-D,7
2026-06-05 15:00:00,PDD-A,12
2026-06-05 15:00:00,PDD-B,23
2026-06-05 15:00:00,PDD-C,24
2026-06-05 15:00:00,PDD-D,30
2026-06-05 16:00:00,PDD-A,6
2026-06-05 16:00:00,PDD-B,23
2026-06-05 16:00:00,PDD-C,40
2026-06-05 16:00:00,PDD-D,29
2026-06-05 17:00:00,PDD-A,21
2026-06-05 17:00:00,PDD-B,36
2026-06-05 17:00:00,PDD-C,25
2026-06-05 17:00:00,PDD-D,5
2026-06-05 18:00:00,PDD-A,34
2026-06-05 18:00:00,PDD-B,17
2026-06-05 18:00:00,PDD-C,11
2026-06-05 18:00:00,PDD-D,13
2026-06-05 19:00:00,PDD-A,18
2026-06-05 19:00:00,PDD-B,25
2026-06-05 19:00:00,PDD-C,19
2026-06-05 19:00:00,PDD-D,22
2026-06-05 20:00:00,PDD-A,36
2026-06-05 20:00:00,PDD-B,11
2026-06-05 20:00:00,PDD-C,36
2026-06-05 20:00:00,PDD-D,23
2026-06-05 21:00:00,PDD-A,9
2026-06-05 21:00:00,PDD-B,19
2026-06-05 21:00:00,PDD-C,33
2026-06-05 21:00:00,PDD-D,27
2026-06-05 22:00:00,PDD-A,11
2026-06-05 22:00:00,PDD-B,29
2026-06-05 22:00:00,PDD-C,22
2026-06-05 22:00:00,PDD-D,40
2026-06-05 23:00:00,PDD-A,31
2026-06-05 23:00:00,PDD-B,38
2026-06-05 23:00:00,PDD-C,40
2026-06-05 23:00:00,PDD-D,16
2026-06-06 00:00:00,PDD-A,17
2026-06-06 00:00:00,PDD-B,34
2026-06-06 00:00:00,PDD-C,17
2026-06-06 00:00:00,PDD-D,13
2026-06-06 01:00:00,PDD-A,347
2026-06-06 01:00:00,PDD-B,136
2026-06-06 01:00:00,PDD-C,201
2026-06-06 01:00:00,PDD-D,374
2026-06-06 02:00:00,PDD-A,331
2026-06-06 02:00:00,PDD-B,304
2026-06-06 02:00:00,PDD-C,307
2026-06-06 02:00:00,PDD-D,467
2026-06-06 03:00:00,PDD_A,128
2026-06-06 03:00:00,PDD-B,153
2026-06-06 03:00:00,PDD-C,410
2026-06-06 03:00:00,PDD-D,367
2026-06-06 04:00:00,PDD_A,298
2026-06-06 04:00:00,PDD-B,217
2026-06-06 04:00:00,PDD-C,292
2026-06-06 04:00:00,PDD-D,393
2026-06-06 05:00:00,PDD-A,241
2026-06-06 05:00:00,PDD-B,162
2026-06-06 05:00:00,PDD-C,413
2026-06-06 05:00:00,PDD-D,393
2026-06-06 06:00:00,PDD-A,259
2026-06-06 06:00:00,PDD-B,369
2026-06-06 06:00:00,PDD-C,149
2026-06-06 06:00:00,PDD-D,502
2026-06-06 07:00:00,PDD-A,268
2026-06-06 07:00:00,PDD-B,304
2026-06-06 07:00:00,PDD-C,420
2026-06-06 07:00:00,PDD-D,325
2026-06-06 08:00:00,PDD-A,253
2026-06-06 08:00:00,PDD-B,156
2026-06-06 08:00:00,PDD-C,122
2026-06-06 08:00:00,PDD-D,309
2026-06-06 09:00:00,PDD-A,224
2026-06-06 09:00:00,PDD-B,363
2026-06-06 09:00:00,PDD-C,120
2026-06-06 09:00:00,PDD-D,318
2026-06-06 10:00:00,PDD-A,246
2026-06-06 10:00:00,PDD-B,339
2026-06-06 10:00:00,PDD-C,131
2026-06-06 10:00:00,PDD-D,333
2026-06-06 11:00:00,PDD_A,154
2026-06-06 11:00:00,PDD-B,170
2026-06-06 11:00:00,PDD-C,123
2026-06-06 11:00:00,PDD-D,373
2026-06-06 12:00:00,PDD-A,328
2026-06-06 12:00:00,PDD-B,361
2026-06-06 12:00:00,PDD-C,301
2026-06-06 12:00:00,PDD-D,320
2026-06-06 13:00:00,PDD-A,140
2026-06-06 13:00:00,PDD-B,389
2026-06-06 13:00:00,PDD-C,265
2026-06-06 13:00:00,PDD-D,410
2026-06-06 14:00:00,PDD-A,25
2026-06-06 14:00:00,PDD-B,27
2026-06-06 14:00:00,PDD-C,26
2026-06-06 14:00:00,PDD-D,32
2026-06-06 15:00:00,PDD-A,38
2026-06-06 15:00:00,PDD-B,14
2026-06-06 15:00:00,PDD-C,16
2026-06-06 15:00:00,PDD-D,15
2026-06-06 16:00:00,PDD-A,8
2026-06-06 16:00:00,PDD-B,25
2026-06-06 16:00:00,PDD-C,22
2026-06-06 16:00:00,PDD-D,23
2026-06-06 17:00:00,PDD-A,11
2026-06-06 17:00:00,PDD-B,6
2026-06-06 17:00:00,PDD-C,27
2026-06-06 17:00:00,PDD-D,29
2026-06-06 18:00:00,PDD-A,36
2026-06-06 18:00:00,PDD-B,14
2026-06-06 18:00:00,PDD-C,18
2026-06-06 18:00:00,PDD-D,31
2026-06-06 19:00:00,PDD-A,7
2026-06-06 19:00:00,PDD-B,5
2026-06-06 19:00:00,PDD-C,29
2026-06-06 19:00:00,PDD-D,21
2026-06-06 20:00:00,PDD-A,38
2026-06-06 20:00:00,PDD-B,14
2026-06-06 20:00:00,PDD-C,20
2026-06-06 20:00:00,PDD-D,26
2026-06-06 21:00:00,PDD-A,38
2026-06-06 21:00:00,PDD-B,17
2026-06-06 21:00:00,PDD-C,40
2026-06-06 21:00:00,PDD-D,26
2026-06-06 22:00:00,PDD-A,10
2026-06-06 22:00:00,PDD-B,28
2026-06-06 22:00:00,PDD-C,13
2026-06-06 22:00:00,PDD-D,8
2026-06-06 23:00:00,PDD-A,24
2026-06-06 23:00:00,PDD-B,6
2026-06-06 23:00:00,PDD-C,7
2026-06-06 23:00:00,PDD-D,24
2026-06-07 00:00:00,PDD-A,38
2026-06-07 00:00:00,PDD-B,5
2026-06-07 00:00:00,PDD-C,33
2026-06-07 00:00:00,PDD-D,30
2026-06-07 01:00:00,PDD-A,186
2026-06-07 01:00:00,PDD-B,247
2026-06-07 01:00:00,PDD-C,207
2026-06-07 01:00:00,PDD-D,387
2026-06-07 02:00:00,PDD-A,229
2026-06-07 02:00:00,PDD-B,355
2026-06-07 02:00:00,PDD-C,277
2026-06-07 02:00:00,PDD-D,442
2026-06-07 03:00:00,PDD-A,239
2026-06-07 03:00:00,PDD-B,322
2026-06-07 03:00:00,PDD-C,202
2026-06-07 03:00:00,PDD-D,386
2026-06-07 04:00:00,PDD-A,149
2026-06-07 04:00:00,PDD-B,226
2026-06-07 04:00:00,PDD-C,275
2026-06-07 04:00:00,PDD-D,353
2026-06-07 05:00:00,PDD-A,353
2026-06-07 05:00:00,PDD-B,190
2026-06-07 05:00:00,PDD-C,238
2026-06-07 05:00:00,PDD-D,318
2026-06-07 06:00:00,PDD-A,253
2026-06-07 06:00:00,PDD-B,330
2026-06-07 06:00:00,PDD-C,251
2026-06-07 06:00:00,PDD-D,423
2026-06-07 07:00:00,PDD-A,306
2026-06-07 07:00:00,PDD-B,135
2026-06-07 07:00:00,PDD-C,247
2026-06-07 07:00:00,PDD-D,314
2026-06-07 08:00:00,PDD-A,287
2026-06-07 08:00:00,PDD-B,163
2026-06-07 08:00:00,PDD-C,397
2026-06-07 08:00:00,PDD-D,477
2026-06-07 09:00:00,PDD_A,204
2026-06-07 09:00:00,PDD-B,419
2026-06-07 09:00:00,PDD-C,373
2026-06-07 09:00:00,PDD-D,516
2026-06-07 10:00:00,PDD-A,142
2026-06-07 10:00:00,PDD-B,181
2026-06-07 10:00:00,PDD-C,130
2026-06-07 10:00:00,PDD-D,493
2026-06-07 11:00:00,PDD-A,258
2026-06-07 11:00:00,PDD-B,138
2026-06-07 11:00:00,PDD-C,306
2026-06-07 11:00:00,PDD-D,449
2026-06-07 12:00:00,PDD_A,396
2026-06-07 12:00:00,PDD-B,417
2026-06-07 12:00:00,PDD-C,420
2026-06-07 12:00:00,PDD-D,509
2026-06-07 13:00:00,PDD_A,250
2026-06-07 13:00:00,PDD-B,416
2026-06-07 13:00:00,PDD-C,329
2026-06-07 13:00:00,PDD-D,314
2026-06-07 14:00:00,PDD-A,38
2026-06-07 14:00:00,PDD-B,30
2026-06-07 14:00:00,PDD-C,37
2026-06-07 14:00:00,PDD-D,23
2026-06-07 15:00:00,PDD-A,38
2026-06-07 15:00:00,PDD-B,25
2026-06-07 15:00:00,PDD-C,38
2026-06-07 15:00:00,PDD-D,24
2026-06-07 16:00:00,PDD-A,14
2026-06-07 16:00:00,PDD-B,16
2026-06-07 16:00:00,PDD-C,34
2026-06-07 16:00:00,PDD-D,33
2026-06-07 17:00:00,PDD-A,29
2026-06-07 17:00:00,PDD-B,34
2026-06-07 17:00:00,PDD-C,26
2026-06-07 17:00:00,PDD-D,28
2026-06-07 18:00:00,PDD-A,32
2026-06-07 18:00:00,PDD-B,23
2026-06-07 18:00:00,PDD-C,24
2026-06-07 18:00:00,PDD-D,14
2026-06-07 19:00:00,PDD-A,16
2026-06-07 19:00:00,PDD-B,26
2026-06-07 19:00:00,PDD-C,6
2026-06-07 19:00:00,PDD-D,10
2026-06-07 20:00:00,PDD_A,18
2026-06-07 20:00:00,PDD-B,28
2026-06-07 20:00:00,PDD-C,13
2026-06-07 20:00:00,PDD-D,31
2026-06-07 21:00:00,PDD-A,33
2026-06-07 21:00:00,PDD-B,22
2026-06-07 21:00:00,PDD-C,13
2026-06-07 21:00:00,PDD-D,16
2026-06-07 22:00:00,PDD_A,16
2026-06-07 22:00:00,PDD-B,29
2026-06-07 22:00:00,PDD-C,8
2026-06-07 22:00:00,PDD-D,27
2026-06-07 23:00:00,PDD-A,16
2026-06-07 23:00:00,PDD-B,11
2026-06-07 23:00:00,PDD-C,22
2026-06-07 23:00:00,PDD-D,40
2026-06-08 00:00:00,PDD_A,33
2026-06-08 00:00:00,PDD-B,23
2026-06-08 00:00:00,PDD-C,16
2026-06-08 00:00:00,PDD-D,6
2026-06-08 01:00:00,PDD-A,233
2026-06-08 01:00:00,PDD-B,353
2026-06-08 01:00:00,PDD-C,375
2026-06-08 01:00:00,PDD-D,459
2026-06-08 02:00:00,PDD_A,232
2026-06-08 02:00:00,PDD-B,249
2026-06-08 02:00:00,PDD-C,145
2026-06-08 02:00:00,PDD-D,450
2026-06-08 03:00:00,PDD-A,245
2026-06-08 03:00:00,PDD-B,229
2026-06-08 03:00:00,PDD-C,312
2026-06-08 03:00:00,PDD-D,493
2026-06-08 04:00:00,PDD-A,237
2026-06-08 04:00:00,PDD-B,371
2026-06-08 04:00:00,PDD-C,293
2026-06-08 04:00:00,PDD-D,352
2026-06-08 05:00:00,PDD-A,231
2026-06-08 05:00:00,PDD-B,222
2026-06-08 05:00:00,PDD-C,272
2026-06-08 05:00:00,PDD-D,419
2026-06-08 06:00:00,PDD-A,341
2026-06-08 06:00:00,PDD-B,342
2026-06-08 06:00:00,PDD-C,283
2026-06-08 06:00:00,PDD-D,391
2026-06-08 07:00:00,PDD_A,380
2026-06-08 07:00:00,PDD-B,340
2026-06-08 07:00:00,PDD-C,302
2026-06-08 07:00:00,PDD-D,507
2026-06-08 08:00:00,PDD-A,318
2026-06-08 08:00:00,PDD-B,420
2026-06-08 08:00:00,PDD-C,154
2026-06-08 08:00:00,PDD-D,473
2026-06-08 09:00:00,PDD-A,403
2026-06-08 09:00:00,PDD-B,232
2026-06-08 09:00:00,PDD-C,134
2026-06-08 09:00:00,PDD-D,482
2026-06-08 10:00:00,PDD-A,371
2026-06-08 10:00:00,PDD-B,284
2026-06-08 10:00:00,PDD-C,390
2026-06-08 10:00:00,PDD-D,368
2026-06-08 11:00:00,PDD-A,279
2026-06-08 11:00:00,PDD-B,184
2026-06-08 11:00:00,PDD-C,410
2026-06-08 11:00:00,PDD-D,518
2026-06-08 12:00:00,PDD-A,222
2026-06-08 12:00:00,PDD-B,359
2026-06-08 12:00:00,PDD-C,329
2026-06-08 12:00:00,PDD-D,459
2026-06-08 13:00:00,PDD-A,130
2026-06-08 13:00:00,PDD-B,132
2026-06-08 13:00:00,PDD-C,282
2026-06-08 13:00:00,PDD-D,320
2026-06-08 14:00:00,PDD-A,11
2026-06-08 14:00:00,PDD-B,27
2026-06-08 14:00:00,PDD-C,27
2026-06-08 14:00:00,PDD-D,28
2026-06-08 15:00:00,PDD_A,11
2026-06-08 15:00:00,PDD-B,24
2026-06-08 15:00:00,PDD-C,39
2026-06-08 15:00:00,PDD-D,12
2026-06-08 16:00:00,PDD-A,40
2026-06-08 16:00:00,PDD-B,29
2026-06-08 16:00:00,PDD-C,11
2026-06-08 16:00:00,PDD-D,10
2026-06-08 17:00:00,PDD-A,28
2026-06-08 17:00:00,PDD-B,6
2026-06-08 17:00:00,PDD-C,9
2026-06-08 17:00:00,PDD-D,36
2026-06-08 18:00:00,PDD-A,9
2026-06-08 18:00:00,PDD-B,33
2026-06-08 18:00:00,PDD-C,13
2026-06-08 18:00:00,PDD-D,34
2026-06-08 19:00:00,PDD-A,5
2026-06-08 19:00:00,PDD-B,16
2026-06-08 19:00:00,PDD-C,31
2026-06-08 19:00:00,PDD-D,37
2026-06-08 20:00:00,PDD-A,18
2026-06-08 20:00:00,PDD-B,27
2026-06-08 20:00:00,PDD-C,30
2026-06-08 20:00:00,PDD-D,15
2026-06-08 21:00:00,PDD-A,21
2026-06-08 21:00:00,PDD-B,29
2026-06-08 21:00:00,PDD-C,8
2026-06-08 21:00:00,PDD-D,28
2026-06-08 22:00:00,PDD-A,9
2026-06-08 22:00:00,PDD-B,30
2026-06-08 22:00:00,PDD-C,35
2026-06-08 22:00:00,PDD-D,31
2026-06-08 23:00:00,PDD-A,5
2026-06-08 23:00:00,PDD-B,20
2026-06-08 23:00:00,PDD-C,26
2026-06-08 23:00:00,PDD-D,14
2026-06-09 00:00:00,PDD-A,30
2026-06-09 00:00:00,PDD-B,13
2026-06-09 00:00:00,PDD-C,9
2026-06-09 00:00:00,PDD-D,24
2026-06-09 01:00:00,PDD_A,349
2026-06-09 01:00:00,PDD-B,120
2026-06-09 01:00:00,PDD-C,187
2026-06-09 01:00:00,PDD-D,344
2026-06-09 02:00:00,PDD-A,374
2026-06-09 02:00:00,PDD-B,136
2026-06-09 02:00:00,PDD-C,362
2026-06-09 02:00:00,PDD-D,332
2026-06-09 03:00:00,PDD-A,294
2026-06-09 03:00:00,PDD-B,307
2026-06-09 03:00:00,PDD-C,191
2026-06-09 03:00:00,PDD-D,346
2026-06-09 04:00:00,PDD-A,242
2026-06-09 04:00:00,PDD-B,223
2026-06-09 04:00:00,PDD-C,273
2026-06-09 04:00:00,PDD-D,456
2026-06-09 05:00:00,PDD-A,408
2026-06-09 05:00:00,PDD-B,151
2026-06-09 05:00:00,PDD-C,286
2026-06-09 05:00:00,PDD-D,482
2026-06-09 06:00:00,PDD-A,248
2026-06-09 06:00:00,PDD-B,224
2026-06-09 06:00:00,PDD-C,161
2026-06-09 06:00:00,PDD-D,335
2026-06-09 07:00:00,PDD-A,160
2026-06-09 07:00:00,PDD-B,263
2026-06-09 07:00:00,PDD-C,322
2026-06-09 07:00:00,PDD-D,497
2026-06-09 08:00:00,PDD-A,154
2026-06-09 08:00:00,PDD-B,388
2026-06-09 08:00:00,PDD-C,317
2026-06-09 08:00:00,PDD-D,304
2026-06-09 09:00:00,PDD-A,154
2026-06-09 09:00:00,PDD-B,373
2026-06-09 09:00:00,PDD-C,393
2026-06-09 09:00:00,PDD-D,389
2026-06-09 10:00:00,PDD-A,130
2026-06-09 10:00:00,PDD-B,274
2026-06-09 10:00:00,PDD-C,271
2026-06-09 10:00:00,PDD-D,458
2026-06-09 11:00:00,PDD_A,217
2026-06-09 11:00:00,PDD-B,174
2026-06-09 11:00:00,PDD-C,233
2026-06-09 11:00:00,PDD-D,338
2026-06-09 12:00:00,PDD-A,303
2026-06-09 12:00:00,PDD-B,346
2026-06-09 12:00:00,PDD-C,121
2026-06-09 12:00:00,PDD-D,448
2026-06-09 13:00:00,PDD-A,375
2026-06-09 13:00:00,PDD-B,172
2026-06-09 13:00:00,PDD-C,240
2026-06-09 13:00:00,PDD-D,466
2026-06-09 14:00:00,PDD-A,6
2026-06-09 14:00:00,PDD-B,22
2026-06-09 14:00:00,PDD-C,5
2026-06-09 14:00:00,PDD-D,33
2026-06-09 15:00:00,PDD-A,31
2026-06-09 15:00:00,PDD-B,35
2026-06-09 15:00:00,PDD-C,12
2026-06-09 15:00:00,PDD-D,40
2026-06-09 16:00:00,PDD-A,29
2026-06-09 16:00:00,PDD-B,22
2026-06-09 16:00:00,PDD-C,17
2026-06-09 16:00:00,PDD-D,31
2026-06-09 17:00:00,PDD-A,40
2026-06-09 17:00:00,PDD-B,17
2026-06-09 17:00:00,PDD-C,10
2026-06-09 17:00:00,PDD-D,23
2026-06-09 18:00:00,PDD-A,26
2026-06-09 18:00:00,PDD-B,19
2026-06-09 18:00:00,PDD-C,23
2026-06-09 18:00:00,PDD-D,40
2026-06-09 19:00:00,PDD-A,5
2026-06-09 19:00:00,PDD-B,13
2026-06-09 19:00:00,PDD-C,6
2026-06-09 19:00:00,PDD-D,33
2026-06-09 20:00:00,PDD-A,39
2026-06-09 20:00:00,PDD-B,27
2026-06-09 20:00:00,PDD-C,38
2026-06-09 20:00:00,PDD-D,22
2026-06-09 21:00:00,PDD-A,26
2026-06-09 21:00:00,PDD-B,8
2026-06-09 21:00:00,PDD-C,16
2026-06-09 21:00:00,PDD-D,13
2026-06-09 22:00:00,PDD-A,15
2026-06-09 22:00:00,PDD-B,35
2026-06-09 22:00:00,PDD-C,29
2026-06-09 22:00:00,PDD-D,5
2026-06-09 23:00:00,PDD_A,13
2026-06-09 23:00:00,PDD-B,8
2026-06-09 23:00:00,PDD-C,32
2026-06-09 23:00:00,PDD-D,32
2026-06-10 00:00:00,PDD_A,36
2026-06-10 00:00:00,PDD-B,16
2026-06-10 00:00:00,PDD-C,33
2026-06-10 00:00:00,PDD-D,17
2026-06-10 01:00:00,PDD-A,265
2026-06-10 01:00:00,PDD-B,258
2026-06-10 01:00:00,PDD-C,299
2026-06-10 01:00:00,PDD-D,482
2026-06-10 02:00:00,PDD-A,139
2026-06-10 02:00:00,PDD-B,370
2026-06-10 02:00:00,PDD-C,272
2026-06-10 02:00:00,PDD-D,316
2026-06-10 03:00:00,PDD-A,123
2026-06-10 03:00:00,PDD-B,405
2026-06-10 03:00:00,PDD-C,218
2026-06-10 03:00:00,PDD-D,406
2026-06-10 04:00:00,PDD-A,226
2026-06-10 04:00:00,PDD-B,271
2026-06-10 04:00:00,PDD-C,222
2026-06-10 04:00:00,PDD-D,326
2026-06-10 05:00:00,PDD-A,129
2026-06-10 05:00:00,PDD-B,385
2026-06-10 05:00:00,PDD-C,251
2026-06-10 05:00:00,PDD-D,384
2026-06-10 06:00:00,PDD-A,347
2026-06-10 06:00:00,PDD-B,297
2026-06-10 06:00:00,PDD-C,258
2026-06-10 06:00:00,PDD-D,507
2026-06-10 07:00:00,PDD-A,237
2026-06-10 07:00:00,PDD-B,242
2026-06-10 07:00:00,PDD-C,292
2026-06-10 07:00:00,PDD-D,476
2026-06-10 08:00:00,PDD-A,252
2026-06-10 08:00:00,PDD-B,353
2026-06-10 08:00:00,PDD-C,184
2026-06-10 08:00:00,PDD-D,433
2026-06-10 09:00:00,PDD-A,334
2026-06-10 09:00:00,PDD-B,380
2026-06-10 09:00:00,PDD-C,219
2026-06-10 09:00:00,PDD-D,341
2026-06-10 10:00:00,PDD-A,290
2026-06-10 10:00:00,PDD-B,233
2026-06-10 10:00:00,PDD-C,292
2026-06-10 10:00:00,PDD-D,347
2026-06-10 11:00:00,PDD-A,213
2026-06-10 11:00:00,PDD-B,348
2026-06-10 11:00:00,PDD-C,253
2026-06-10 11:00:00,PDD-D,463
2026-06-10 12:00:00,PDD_A,416
2026-06-10 12:00:00,PDD-B,237
2026-06-10 12:00:00,PDD-C,385
2026-06-10 12:00:00,PDD-D,425
2026-06-10 13:00:00,PDD-A,176
2026-06-10 13:00:00,PDD-B,364
2026-06-10 13:00:00,PDD-C,124
2026-06-10 13:00:00,PDD-D,435
2026-06-10 14:00:00,PDD-A,36
2026-06-10 14:00:00,PDD-B,36
2026-06-10 14:00:00,PDD-C,26
2026-06-10 14:00:00,PDD-D,13
2026-06-10 15:00:00,PDD-A,15
2026-06-10 15:00:00,PDD-B,10
2026-06-10 15:00:00,PDD-C,15
2026-06-10 15:00:00,PDD-D,7
2026-06-10 16:00:00,PDD-A,7
2026-06-10 16:00:00,PDD-B,5
2026-06-10 16:00:00,PDD-C,14
2026-06-10 16:00:00,PDD-D,18
2026-06-10 17:00:00,PDD_A,22
2026-06-10 17:00:00,PDD-B,8
2026-06-10 17:00:00,PDD-C,17
2026-06-10 17:00:00,PDD-D,19
2026-06-10 18:00:00,PDD-A,39
2026-06-10 18:00:00,PDD-B,18
2026-06-10 18:00:00,PDD-C,40
2026-06-10 18:00:00,PDD-D,24
2026-06-10 19:00:00,PDD-A,28
2026-06-10 19:00:00,PDD-B,18
2026-06-10 19:00:00,PDD-C,27
2026-06-10 19:00:00,PDD-D,7
2026-06-10 20:00:00,PDD_A,8
2026-06-10 20:00:00,PDD-B,25
2026-06-10 20:00:00,PDD-C,31
2026-06-10 20:00:00,PDD-D,20
2026-06-10 21:00:00,PDD-A,39
2026-06-10 21:00:00,PDD-B,29
2026-06-10 21:00:00,PDD-C,31
2026-06-10 21:00:00,PDD-D,22
2026-06-10 22:00:00,PDD-A,17
2026-06-10 22:00:00,PDD-B,26
2026-06-10 22:00:00,PDD-C,37
2026-06-10 22:00:00,PDD-D,29
2026-06-10 23:00:00,PDD-A,24
2026-06-10 23:00:00,PDD-B,35
2026-06-10 23:00:00,PDD-C,39
2026-06-10 23:00:00,PDD-D,25
2026-06-11 00:00:00,PDD-A,12
2026-06-11 00:00:00,PDD-B,24
2026-06-11 00:00:00,PDD-C,23
2026-06-11 00:00:00,PDD-D,25
2026-06-11 01:00:00,PDD-A,284
2026-06-11 01:00:00,PDD-B,202
2026-06-11 01:00:00,PDD-C,319
2026-06-11 01:00:00,PDD-D,427
2026-06-11 02:00:00,PDD-A,217
2026-06-11 02:00:00,PDD-B,281
2026-06-11 02:00:00,PDD-C,417
2026-06-11 02:00:00,PDD-D,339
2026-06-11 03:00:00,PDD-A,397
2026-06-11 03:00:00,PDD-B,377
2026-06-11 03:00:00,PDD-C,398
2026-06-11 03:00:00,PDD-D,468
2026-06-11 04:00:00,PDD_A,321
2026-06-11 04:00:00,PDD-B,334
2026-06-11 04:00:00,PDD-C,324
2026-06-11 04:00:00,PDD-D,362
2026-06-11 05:00:00,PDD-A,273
2026-06-11 05:00:00,PDD-B,382
2026-06-11 05:00:00,PDD-C,137
2026-06-11 05:00:00,PDD-D,324
2026-06-11 06:00:00,PDD-A,293
2026-06-11 06:00:00,PDD-B,177
2026-06-11 06:00:00,PDD-C,314
2026-06-11 06:00:00,PDD-D,344
2026-06-11 07:00:00,PDD-A,271
2026-06-11 07:00:00,PDD-B,357
2026-06-11 07:00:00,PDD-C,353
2026-06-11 07:00:00,PDD-D,493
2026-06-11 08:00:00,PDD-A,302
2026-06-11 08:00:00,PDD-B,252
2026-06-11 08:00:00,PDD-C,413
2026-06-11 08:00:00,PDD-D,318
2026-06-11 09:00:00,PDD-A,253
2026-06-11 09:00:00,PDD-B,339
2026-06-11 09:00:00,PDD-C,310
2026-06-11 09:00:00,PDD-D,426
2026-06-11 10:00:00,PDD-A,323
2026-06-11 10:00:00,PDD-B,212
2026-06-11 10:00:00,PDD-C,337
2026-06-11 10:00:00,PDD-D,475
2026-06-11 11:00:00,PDD-A,260
2026-06-11 11:00:00,PDD-B,128
2026-06-11 11:00:00,PDD-C,354
2026-06-11 11:00:00,PDD-D,505
2026-06-11 12:00:00,PDD-A,235
2026-06-11 12:00:00,PDD-B,222
2026-06-11 12:00:00,PDD-C,382
2026-06-11 12:00:00,PDD-D,366
2026-06-11 13:00:00,PDD-A,307
2026-06-11 13:00:00,PDD-B,409
2026-06-11 13:00:00,PDD-C,230
2026-06-11 13:00:00,PDD-D,377
2026-06-11 14:00:00,PDD-A,25
2026-06-11 14:00:00,PDD-B,26
2026-06-11 14:00:00,PDD-C,11
2026-06-11 14:00:00,PDD-D,26
2026-06-11 15:00:00,PDD-A,39
2026-06-11 15:00:00,PDD-B,18
2026-06-11 15:00:00,PDD-C,8
2026-06-11 15:00:00,PDD-D,24
2026-06-11 16:00:00,PDD-A,36
2026-06-11 16:00:00,PDD-B,26
2026-06-11 16:00:00,PDD-C,32
2026-06-11 16:00:00,PDD-D,33
2026-06-11 17:00:00,PDD-A,31
2026-06-11 17:00:00,PDD-B,28
2026-06-11 17:00:00,PDD-C,32
2026-06-11 17:00:00,PDD-D,10
2026-06-11 18:00:00,PDD-A,15
2026-06-11 18:00:00,PDD-B,40
2026-06-11 18:00:00,PDD-C,18
2026-06-11 18:00:00,PDD-D,19
2026-06-11 19:00:00,PDD-A,24
2026-06-11 19:00:00,PDD-B,24
2026-06-11 19:00:00,PDD-C,29
2026-06-11 19:00:00,PDD-D,36
2026-06-11 20:00:00,PDD-A,29
2026-06-11 20:00:00,PDD-B,18
2026-06-11 20:00:00,PDD-C,37
2026-06-11 20:00:00,PDD-D,14
2026-06-11 21:00:00,PDD-A,28
2026-06-11 21:00:00,PDD-B,11
2026-06-11 21:00:00,PDD-C,23
2026-06-11 21:00:00,PDD-D,19
2026-06-11 22:00:00,PDD-A,35
2026-06-11 22:00:00,PDD-B,26
2026-06-11 22:00:00,PDD-C,15
2026-06-11 22:00:00,PDD-D,8
2026-06-11 23:00:00,PDD-A,38
2026-06-11 23:00:00,PDD-B,10
2026-06-11 23:00:00,PDD-C,10
2026-06-11 23:00:00,PDD-D,30
2026-06-12 00:00:00,PDD-A,37
2026-06-12 00:00:00,PDD-B,21
2026-06-12 00:00:00,PDD-C,21
2026-06-12 00:00:00,PDD-D,33
2026-06-12 01:00:00,PDD-A,388
2026-06-12 01:00:00,PDD-B,389
2026-06-12 01:00:00,PDD-C,350
2026-06-12 01:00:00,PDD-D,333
2026-06-12 02:00:00,PDD-A,121
2026-06-12 02:00:00,PDD-B,392
2026-06-12 02:00:00,PDD-C,164
2026-06-12 02:00:00,PDD-D,403
2026-06-12 03:00:00,PDD-A,249
2026-06-12 03:00:00,PDD-B,178
2026-06-12 03:00:00,PDD-C,400
2026-06-12 03:00:00,PDD-D,400
2026-06-12 04:00:00,PDD-A,375
2026-06-12 04:00:00,PDD-B,162
2026-06-12 04:00:00,PDD-C,378
2026-06-12 04:00:00,PDD-D,475
2026-06-12 05:00:00,PDD-A,149
2026-06-12 05:00:00,PDD-B,295
2026-06-12 05:00:00,PDD-C,236
2026-06-12 05:00:00,PDD-D,442
2026-06-12 06:00:00,PDD-A,356
2026-06-12 06:00:00,PDD-B,130
2026-06-12 06:00:00,PDD-C,299
2026-06-12 06:00:00,PDD-D,319
2026-06-12 07:00:00,PDD_A,415
2026-06-12 07:00:00,PDD-B,419
2026-06-12 07:00:00,PDD-C,418
2026-06-12 07:00:00,PDD-D,483
2026-06-12 08:00:00,PDD-A,393
2026-06-12 08:00:00,PDD-B,182
2026-06-12 08:00:00,PDD-C,182
2026-06-12 08:00:00,PDD-D,373
2026-06-12 09:00:00,PDD-A,206
2026-06-12 09:00:00,PDD-B,279
2026-06-12 09:00:00,PDD-C,187
2026-06-12 09:00:00,PDD-D,413
2026-06-12 10:00:00,PDD_A,278
2026-06-12 10:00:00,PDD-B,303
2026-06-12 10:00:00,PDD-C,161
2026-06-12 10:00:00,PDD-D,513
2026-06-12 11:00:00,PDD-A,205
2026-06-12 11:00:00,PDD-B,288
2026-06-12 11:00:00,PDD-C,376
2026-06-12 11:00:00,PDD-D,464
2026-06-12 12:00:00,PDD-A,231
2026-06-12 12:00:00,PDD-B,135
2026-06-12 12:00:00,PDD-C,406
2026-06-12 12:00:00,PDD-D,312
2026-06-12 13:00:00,PDD-A,240
2026-06-12 13:00:00,PDD-B,261
2026-06-12 13:00:00,PDD-C,234
2026-06-12 13:00:00,PDD-D,442
2026-06-12 14:00:00,PDD_A,12
2026-06-12 14:00:00,PDD-B,24
2026-06-12 14:00:00,PDD-C,16
2026-06-12 14:00:00,PDD-D,21
2026-06-12 15:00:00,PDD_A,30
2026-06-12 15:00:00,PDD-B,12
2026-06-12 15:00:00,PDD-C,14
2026-06-12 15:00:00,PDD-D,39
2026-06-12 16:00:00,PDD-A,27
2026-06-12 16:00:00,PDD-B,34
2026-06-12 16:00:00,PDD-C,16
2026-06-12 16:00:00,PDD-D,30
2026-06-12 17:00:00,PDD_A,19
2026-06-12 17:00:00,PDD-B,26
2026-06-12 17:00:00,PDD-C,8
2026-06-12 17:00:00,PDD-D,37
2026-06-12 18:00:00,PDD_A,9
2026-06-12 18:00:00,PDD-B,32
2026-06-12 18:00:00,PDD-C,32
2026-06-12 18:00:00,PDD-D,33
2026-06-12 19:00:00,PDD-A,8
2026-06-12 19:00:00,PDD-B,13
2026-06-12 19:00:00,PDD-C,27
2026-06-12 19:00:00,PDD-D,33
2026-06-12 20:00:00,PDD-A,6
2026-06-12 20:00:00,PDD-B,25
2026-06-12 20:00:00,PDD-C,22
2026-06-12 20:00:00,PDD-D,7
2026-06-12 21:00:00,PDD-A,29
2026-06-12 21:00:00,PDD-B,38
2026-06-12 21:00:00,PDD-C,15
2026-06-12 21:00:00,PDD-D,19
2026-06-12 22:00:00,PDD-A,28
2026-06-12 22:00:00,PDD-B,37
2026-06-12 22:00:00,PDD-C,22
2026-06-12 22:00:00,PDD-D,39
2026-06-12 23:00:00,PDD-A,37
2026-06-12 23:00:00,PDD-B,30
2026-06-12 23:00:00,PDD-C,10
2026-06-12 23:00:00,PDD-D,39
2026-06-13 00:00:00,PDD-A,31
2026-06-13 00:00:00,PDD-B,38
2026-06-13 00:00:00,PDD-C,23
2026-06-13 00:00:00,PDD-D,9
2026-06-13 01:00:00,PDD_A,209
2026-06-13 01:00:00,PDD-B,241
2026-06-13 01:00:00,PDD-C,264
2026-06-13 01:00:00,PDD-D,397
2026-06-13 02:00:00,PDD-A,137
2026-06-13 02:00:00,PDD-B,224
2026-06-13 02:00:00,PDD-C,375
2026-06-13 02:00:00,PDD-D,480
2026-06-13 03:00:00,PDD_A,320
2026-06-13 03:00:00,PDD-B,193
2026-06-13 03:00:00,PDD-C,235
2026-06-13 03:00:00,PDD-D,335
2026-06-13 04:00:00,PDD-A,320
2026-06-13 04:00:00,PDD-B,227
2026-06-13 04:00:00,PDD-C,315
2026-06-13 04:00:00,PDD-D,328
2026-06-13 05:00:00,PDD-A,245
2026-06-13 05:00:00,PDD-B,385
2026-06-13 05:00:00,PDD-C,393
2026-06-13 05:00:00,PDD-D,314
2026-06-13 06:00:00,PDD-A,284
2026-06-13 06:00:00,PDD-B,341
2026-06-13 06:00:00,PDD-C,202
2026-06-13 06:00:00,PDD-D,371
2026-06-13 07:00:00,PDD-A,374
2026-06-13 07:00:00,PDD-B,274
2026-06-13 07:00:00,PDD-C,377
2026-06-13 07:00:00,PDD-D,311
2026-06-13 08:00:00,PDD-A,146
2026-06-13 08:00:00,PDD-B,250
2026-06-13 08:00:00,PDD-C,330
2026-06-13 08:00:00,PDD-D,368
2026-06-13 09:00:00,PDD-A,312
2026-06-13 09:00:00,PDD-B,263
2026-06-13 09:00:00,PDD-C,383
2026-06-13 09:00:00,PDD-D,506
2026-06-13 10:00:00,PDD-A,382
2026-06-13 10:00:00,PDD-B,300
2026-06-13 10:00:00,PDD-C,327
2026-06-13 10:00:00,PDD-D,331
2026-06-13 11:00:00,PDD-A,342
2026-06-13 11:00:00,PDD-B,377
2026-06-13 11:00:00,PDD-C,293
2026-06-13 11:00:00,PDD-D,494
2026-06-13 12:00:00,PDD-A,331
2026-06-13 12:00:00,PDD-B,345
2026-06-13 12:00:00,PDD-C,389
2026-06-13 12:00:00,PDD-D,359
2026-06-13 13:00:00,PDD-A,190
2026-06-13 13:00:00,PDD-B,350
2026-06-13 13:00:00,PDD-C,292
2026-06-13 13:00:00,PDD-D,456
2026-06-13 14:00:00,PDD_A,18
2026-06-13 14:00:00,PDD-B,30
2026-06-13 14:00:00,PDD-C,9
2026-06-13 14:00:00,PDD-D,18
2026-06-13 15:00:00,PDD-A,13
2026-06-13 15:00:00,PDD-B,6
2026-06-13 15:00:00,PDD-C,20
2026-06-13 15:00:00,PDD-D,39
2026-06-13 16:00:00,PDD-A,30
2026-06-13 16:00:00,PDD-B,28
2026-06-13 16:00:00,PDD-C,33
2026-06-13 16:00:00,PDD-D,23
2026-06-13 17:00:00,PDD-A,13
2026-06-13 17:00:00,PDD-B,17
2026-06-13 17:00:00,PDD-C,30
2026-06-13 17:00:00,PDD-D,39
2026-06-13 18:00:00,PDD-A,17
2026-06-13 18:00:00,PDD-B,38
2026-06-13 18:00:00,PDD-C,5
2026-06-13 18:00:00,PDD-D,18
2026-06-13 19:00:00,PDD_A,33
2026-06-13 19:00:00,PDD-B,9
2026-06-13 19:00:00,PDD-C,40
2026-06-13 19:00:00,PDD-D,32
2026-06-13 20:00:00,PDD-A,25
2026-06-13 20:00:00,PDD-B,39
2026-06-13 20:00:00,PDD-C,6
2026-06-13 20:00:00,PDD-D,34
2026-06-13 21:00:00,PDD-A,23
2026-06-13 21:00:00,PDD-B,12
2026-06-13 21:00:00,PDD-C,14
2026-06-13 21:00:00,PDD-D,7
2026-06-13 22:00:00,PDD-A,21
2026-06-13 22:00:00,PDD-B,26
2026-06-13 22:00:00,PDD-C,24
2026-06-13 22:00:00,PDD-D,25
2026-06-13 23:00:00,PDD-A,29
2026-06-13 23:00:00,PDD-B,29
2026-06-13 23:00:00,PDD-C,19
2026-06-13 23:00:00,PDD-D,29
2026-06-14 00:00:00,PDD-A,18
2026-06-14 00:00:00,PDD-B,40
2026-06-14 00:00:00,PDD-C,12
2026-06-14 00:00:00,PDD-D,18
2026-06-14 01:00:00,PDD-A,193
2026-06-14 01:00:00,PDD-B,191
2026-06-14 01:00:00,PDD-C,210
2026-06-14 01:00:00,PDD-D,520
2026-06-14 02:00:00,PDD-A,149
2026-06-14 02:00:00,PDD-B,213
2026-06-14 02:00:00,PDD-C,169
2026-06-14 02:00:00,PDD-D,359
2026-06-14 03:00:00,PDD-A,371
2026-06-14 03:00:00,PDD-B,412
2026-06-14 03:00:00,PDD-C,401
2026-06-14 03:00:00,PDD-D,307
2026-06-14 04:00:00,PDD-A,274
2026-06-14 04:00:00,PDD-B,348
2026-06-14 04:00:00,PDD-C,408
2026-06-14 04:00:00,PDD-D,427
2026-06-14 05:00:00,PDD-A,143
2026-06-14 05:00:00,PDD-B,167
2026-06-14 05:00:00,PDD-C,209
2026-06-14 05:00:00,PDD-D,351
2026-06-14 06:00:00,PDD-A,291
2026-06-14 06:00:00,PDD-B,411
2026-06-14 06:00:00,PDD-C,231
2026-06-14 06:00:00,PDD-D,461
2026-06-14 07:00:00,PDD-A,361
2026-06-14 07:00:00,PDD-B,297
2026-06-14 07:00:00,PDD-C,123
2026-06-14 07:00:00,PDD-D,345
2026-06-14 08:00:00,PDD-A,186
2026-06-14 08:00:00,PDD-B,186
2026-06-14 08:00:00,PDD-C,199
2026-06-14 08:00:00,PDD-D,317
2026-06-14 09:00:00,PDD-A,239
2026-06-14 09:00:00,PDD-B,127
2026-06-14 09:00:00,PDD-C,266
2026-06-14 09:00:00,PDD-D,421
2026-06-14 10:00:00,PDD-A,256
2026-06-14 10:00:00,PDD-B,402
2026-06-14 10:00:00,PDD-C,284
2026-06-14 10:00:00,PDD-D,485
2026-06-14 11:00:00,PDD-A,361
2026-06-14 11:00:00,PDD-B,160
2026-06-14 11:00:00,PDD-C,161
2026-06-14 11:00:00,PDD-D,454
2026-06-14 12:00:00,PDD-A,199
2026-06-14 12:00:00,PDD-B,220
2026-06-14 12:00:00,PDD-C,330
2026-06-14 12:00:00,PDD-D,408
2026-06-14 13:00:00,PDD-A,279
2026-06-14 13:00:00,PDD-B,399
2026-06-14 13:00:00,PDD-C,195
2026-06-14 13:00:00,PDD-D,443
2026-06-14 14:00:00,PDD_A,19
2026-06-14 14:00:00,PDD-B,40
2026-06-14 14:00:00,PDD-C,5
2026-06-14 14:00:00,PDD-D,6
2026-06-14 15:00:00,PDD-A,18
2026-06-14 15:00:00,PDD-B,40
2026-06-14 15:00:00,PDD-C,17
2026-06-14 15:00:00,PDD-D,20
